Title,Location,Date,Time
Karen_Zoid_live_at_Daisy_Jones,Summerhill Wines_R44_7615_Stellenbosch_Western Cape_South Africa,2024-04-19,15:00:00
Elandre_by_Railways_Cafe_19_April,2 Hack Road _Centurion_0157_Pretoria_Gauteng_South Africa,2024-04-19,16:00:00
Sensual_Temple_Nights,Bel Ombre Road 14_Bel Ombre_7806_Cape Town_Western Cape_South Africa,2024-04-19,17:00:00
"Mark_Fransman_""Homage_""_Trio",Edward Road 29_29 Edward road Sophiatown _2092_Johannesburg_Gauteng_South Africa,2024-04-19,17:00:00
Bon_voyage_Ndumiso_Nyovane,70 New Church Street_Gardens_8001_Cape Town_Western Cape_South Africa,2024-04-19,15:00:00
Muneeb_Hermans_Quartet,Buitengracht Street 35_Cape Town City Centre_8000_Cape Town_Western Cape_South Africa,2024-04-19,19:00:00
We_are_the_Women_(Volume_2),Beach Road 56_Muizenberg_7950_Cape Town_Western Cape_South Africa,2024-04-19,16:30:00
GINA'S,Residence Road 0A_Rondebosch_7700_Cape Town_Western Cape_South Africa,2024-04-19,17:00:00
Kenrock_Family_Movie_Night,"Kenrock Estate, Hout Bay",2024-04-19,16:00:00
Loufi_@_Padstal,The Highway Street 265_0184_Pretoria_Gauteng_South Africa,2024-04-19,19:00:00
The_Hang_Out_curated_by_Four_to_the_Floor_SA,Bree Street 110_Cape Town City Centre_8000_Cape Town_Western Cape_South Africa,2024-04-19,16:00:00
BOD_Game_Night,94 Arum Road_Table View_7441_Cape Town_Western Cape_South Africa,2024-04-19,17:00:00
The_Dukes_of_Note_|_Matthew_Cleaner_|_Dreameater,Lower Main Road 135_Observatory_7925_Cape Town_Western Cape_South Africa,2024-04-19,16:15:00
Donny_Basco_And_Friends,4th Avenue 78A_2109_Johannesburg_Gauteng_South Africa,2024-04-19,17:00:00
"SNC_on_Hawley_(ORIGINS)_ft_CLINT_L,_BENA_B_&_APO_/_Friday_19_April_2024",Hawley Road 14_2008_Germiston_Gauteng_South Africa,2024-04-19,16:00:00
PLAYBOY_MANSION_PARTY_PT2,Long Street 273_Cape Town City Centre_8000_Cape Town_Western Cape_South Africa,2024-04-19,18:00:00
As_Above_So_Below_All_Night_Drum&Bass,23A Buitenkant Street_7925_Cape Town_Western Cape_South Africa,2024-04-19,19:00:00
Varsity_Shield_After_Party,Produce Street 7_South End_6001_Gqeberha_Eastern Cape_South Africa,2024-04-19,16:00:00
GROOVE_@_Green_Meadows,Retief Street 111_2520_Potchefstroom_North West_South Africa,2024-04-19,16:00:00
Minimal_Bar_Fridays,Orphan Street 11_Cape Town City Centre_8000_Cape Town_Western Cape_South Africa,2024-04-19,00:00:00
Oe-aa-sieS_Family_Gathering_FUNdraiser_@_KONG_Sound_Sanctury,Cobern Street 12_8001_Cape Town_Western Cape_South Africa,2024-04-19,18:00:00
GUVNOR__FRIYAY_AFRO_FUSION_NIGHT,First Street Plot 77_Kampala_Central Region_Uganda,2024-04-19,19:00:00
8th_Day_of_Creation_Fundraiser,Hope Street 69_Cape Town City Centre_8001_Cape Town_Western Cape_South Africa,2024-04-19,18:00:00
Feel_It_|_Part_4:_Fire_|_Hout_Bay_|_Secret_Sunrise,Ishta,2024-04-20,05:00:00
Mindfulness,North Beach_Durban_Durban_South Africa,2024-04-20,05:00:00
#Wedotransformations_MEGA_Workout,Foam Rd & Marine Dr_Milnerton Rural_Cape Town_Milnerton Rural_Cape Town_Western Cape_South Africa,2024-02-10,07:00:00
Salt_Rock_Beach_Hike,Hewitt Road 8_4420_Dolphin Coast_South Africa,2024-04-20,05:00:00
The_Parenting_Partner_-_THE_IDENTITY_SESSION_-_Exploring_your_new_identity_as_a_parent,Duvernoy Street 166_Constantia Park_0010_Pretoria_Gauteng_South Africa,2024-04-20,07:00:00
Rein/Clean_-_Book_Launch,"La pineta, R44 Stellenbosch winelands",2024-04-20,07:00:00
Book_Launch:_Lonwabo_&_the_Gongqongqo,4th Avenue 59_2104_Randburg_Gauteng_South Africa,2024-04-20,08:00:00
"Book_Launch:_Wake_Up,_This_is_Joburg",Chiswick Street 29_2019_Johannesburg_Gauteng_South Africa,2024-04-20,08:00:00
Geology_Walk,Galena Avenue_Kloofendal_Roodepoort_Gauteng_South Africa,2024-04-20,07:00:00
Kid's_Primal_Movement_Event,M5 _Krugersdorp_Gauteng_South Africa,2024-04-20,08:00:00
Die_Ouerskap_Konneksie:_'n_Werkswinkel_vir_Ouers_(Retsa_Education),Amkor Road 123_Lyttelton Manor_0157_Centurion_Gauteng_South Africa,2024-04-20,08:00:00
Creepy_Crawly_Walk_&_Talk_2024,Gemstone Road_Pretoria Rural_Centurion_Gauteng_South Africa,2024-04-20,06:30:00
CANSA_Shades_of_Pink_Walk_Redhouse_Gqeberha,Paterson Street _6215_Gqeberha_Eastern Cape_South Africa,2024-04-20,06:30:00
Saxonwold_-_Grace_and_Grandeur_10h00,Oxford Road 40_2193_Johannesburg_Gauteng_South Africa,2024-04-20,08:00:00
Healing_Hikes_-_Newlands_Forest,Newlands Forest,2024-04-20,06:00:00
RELEASE_&_FLOW:_Yoga_By_The_River,Ravel Street 16_1912_Vanderbijlpark_Gauteng_South Africa,2024-04-20,06:30:00
CTL_Queer_Book_Club,Parade Street 1_Cape Town City Centre_8000_Cape Town_Western Cape_South Africa,2024-04-20,07:45:00
"Tree,_Shrub_and_Forbs_Course",Veronica / Galena Street _1709_Roodepoort_Gauteng_South Africa,2024-04-20,07:00:00
Financial_Freedom_Series:_Getting_out_of_debt_and_creating_generational_wealth,Corvette Avenue 24_Sun Valley_7985_Cape Town_Western Cape_South Africa,2024-04-20,07:00:00
Granny_B's_Chalk_Painting_Technique(R100),Roos Street 35_2068_Sandton_Gauteng_South Africa,2024-04-20,07:00:00
How_to_make_a_two_way_step_stool,WORKSHOP LITTLE FALLS,2024-04-05,08:00:00
How_to_make_and_modify_a_tray,146 North Rand Road _1459_Boksburg_Gauteng_South Africa,2024-04-20,07:00:00
Saturday_Sessions:_AI_2.0:_Unraveling_Tomorrow's_Possibilities_with_Joseph_Appiah_Yeboah,Dock Road 17_Victoria & Alfred Waterfront_8002_Cape Town_Western Cape_South Africa,2024-04-20,07:30:00
cultivate_Mindfulness_-_Women's_Event,"Fontainebleau Community Church: Corner of Fourth Ave and, Rabie St, Fontainebleau, Randburg, 2032",2024-04-20,08:00:00
DATA_AND_AI_COMMUNITY_DAY_JOBURG_APRIL_2024,Microsoft Bryanston,2024-04-20,06:00:00
Discover_Herbalife_and_Getting_Started,Stanza Bopape Street 1217_Hatfield_0028_Pretoria_Gauteng_South Africa,2024-04-20,08:00:00
Sourdough_Baking_Workshop,6 Myburgh Laan_7287_L'Agulhas_Western Cape_South Africa,2024-04-20,07:30:00
Finding_Your_Power,FiftyKnots ,2024-04-20,08:00:00
Herbalism:_A_Practical_Guide_to_Pregnancy_and_Baby_Care,Hopeville Street 17_Gardens_8001_Cape Town_Western Cape_South Africa,2024-04-20,09:00:00
Fynbos_and_Fragrance_Scent_Tour,Constantia Greenbelt (Exact location confirmed via email before event),2024-04-20,08:00:00
Massage_Exchange_(men_only)_-__20_April_2024,224 Carinus Street_Meyerspark_0103_Pretoria_Gauteng_South Africa,2024-04-20,07:00:00
'EVITA@88'_-_20_April_2024,Arcadia Street 8_7345_Darling_Western Cape_South Africa,2024-04-20,10:00:00
Bow_instrument_making,Brounger Road _Sillery_7806_Cape Town_Western Cape_South Africa,2024-04-20,09:00:00
Source_to_Sea_fundraiser_walks_for_FOSNA,Silvermine River_Cape Town_Western Cape_South Africa,2024-04-09,06:00:00
HOW_TO_MAKE_MONEY_WITH_PROPERTY_20/04,Techno Avenue R44_7600_Stellenbosch_Western Cape_South Africa,2024-04-20,08:00:00
MADE_Creative_Workshops_at_Watershed_:_Ceramics,Dock Road 17_Victoria & Alfred Waterfront_8002_Cape Town_Western Cape_South Africa,2024-04-20,10:00:00
Fantasy_Play,Kotze Street 11_2017_Johannesburg_Gauteng_South Africa,2024-04-20,07:30:00
Barefoot_Leather_Shoe_Workshop_-_Greyton,Park Street 36_7233_Greyton_Western Cape_South Africa,2024-04-20,08:00:00
Introduction_to_Vision_Boarding_Workshop,Bryanston Ext 3,2024-04-20,07:00:00
DISCOVER_HERBALIFE_-_BBS_-__20th_APRIL_-_2024__ROYAL_NATAL_YACHT_CLUB,Yacht Mole Durban_Harbour_Durban_4001_4001_Durban_KwaZulu-Natal_South Africa,2024-04-20,07:45:00
East_London_Herbalife_BBS_and_Customer_Celebration_Day_@Buffs_Club_20th_April2024,1 Buffalo Park Drive_Quigney_5201_East London_Eastern Cape_South Africa,2024-04-20,07:00:00
DISCOVER_HERBALIFE_-_PORT_ELIZABETH_20_APRIL_2024,Corner La Roche Drive & Beach Road_Humewood_6001_Port Elizabeth_Eastern Cape_South Africa,2024-04-20,07:30:00
A_Touch_of_Drumming,Nuttall Road 12_Observatory_7925_Cape Town_Western Cape_South Africa,2024-04-20,11:00:00
STELLENBOSCH_UNIVERSITY_ON-CAMPUS_OPEN_DAY_2024,Stellenbosch Central_Stellenbosch_Stellenbosch_Western Cape_South Africa,2024-04-20,06:00:00
Health_&_Wealth_Conference,Atholl Oaklands Rd & Kernick Ave_Melrose North_Johannesburg_2196_2196_Johannesburg_Gauteng_South Africa,2024-04-20,09:00:00
Single_Ladies__Luxury_Day_Retreat,Helen Road 160_2031_Sandton_Gauteng_South Africa,2024-04-20,07:00:00
Blazey_Brunch_at_KAYA_Café,Loop Street 35_Cape Town City Centre_8001_Cape Town_Western Cape_South Africa,2024-04-20,09:00:00
NARS_Masterclass_V&A_Waterfront_Ground_Floor_Centre_Court,V&A Waterfront Ground Floor Centre Court (Outside H&M),2024-04-19,08:00:00
Free_Introductory_Property_Workshop_-_20_April_2024,Voortrekker Avenue 27_1609_Edenvale_Gauteng_South Africa,2024-04-20,07:30:00
Paul_Roos_Gymnasium_Rugby_season_tickets_&_Paarl_Boys'_High_individual_tickets,Koch Road _7600_Stellenbosch_Western Cape_South Africa,2024-04-20,05:00:00
Fluence_Africa_Influencer_Festival,Empire Road 16_Parktown_2193_Johannesburg_Gauteng_South Africa,2024-04-20,07:00:00
"""The_Unexpected_Things""_Book_Launch",20A 7th Avenue _Parktown North_Randburg _2193_Johannesburg_Gauteng_South Africa,2024-04-20,12:00:00
"Slow_Fashion_Festival_|_20_April_|_44_Stanley_Avenue,_Johannesburg",Stanley Avenue 44_2092_Johannesburg_Gauteng_South Africa,2024-04-20,08:00:00
Somerset-West_Make-Up_Workshop_(20_April_2024),Prospect Avenue _Bene_7130_Cape Town_Western Cape_South Africa,2024-04-20,07:30:00
How_to_make_a_Hexagon_Shelf,Corner blackrock street and stoneridge drive_Greenstone Park Ext 2_Edenvale_Gauteng 1610 South Africa_1610_edenvale _South Africa,2024-04-04,07:00:00
Saxonwold_-_Grace_and_Grandeur_14h00,Oxford Road 40_2193_Johannesburg_Gauteng_South Africa,2024-04-20,12:00:00
Water's_Tale,Erin Road 8_Rondebosch_7700_Cape Town_Western Cape_South Africa,2024-04-20,12:00:00
The_Mule_Workshop_series,Nuwe Hoop Street 58_0161_Pretoria_Gauteng_South Africa,2024-04-20,07:00:00
Fish_Hoek_High_School_Variety_Concert_Matinee_Show,13th Avenue _7974_Cape Town_Western Cape_South Africa,2024-04-20,12:00:00
NWU_16_Skolesportreeks__Finaal,Loop Street 37_2531_Potchefstroom_North West_South Africa,2024-04-20,06:00:00
RegenAgSA_Smallholder_Regenerative_Grazing_&_Growing_Day,"Andre Grobler's Farm, Cullinan ",2024-04-20,06:00:00
How_to_make_a_Coffee_Table__Fanie(R650),Roos Street 35_2068_Sandton_Gauteng_South Africa,2024-04-04,07:00:00
The_Playground-_Paint_&_Sip_April_|_20th,Juta Street 73_2017_Johannesburg_Gauteng_South Africa,2024-04-20,10:30:00
How_to_use_power_tools,146 North Rand Road _1459_Boksburg_Gauteng_South Africa,2024-04-20,12:00:00
Art_Meets_Fashion,19 Keyes Avenue_Rosebank_First Floor_Gallery 2_2196_Johannesburg_Gauteng_South Africa,2024-04-20,12:00:00
Music_Lovers,Thomson Street 53_0153_Pretoria_Gauteng_South Africa,2024-04-20,13:00:00
Festival_of_Fire_2024,Van Schoorsdrif Road _Philadelphia_7439_Cape Town_Western Cape_South Africa,2024-04-20,08:00:00
CARES_-_Pelican_Park_Talent_Search_Concert,11th Ave & Buck Rd_Pelikan Park_Cape Town_7941_Pelikan Park_7941_Cape Town_Western Cape_South Africa,2024-04-20,13:00:00
George_Beer_Mile,George_6529_6529_George_Western Cape_South Africa,2024-04-20,12:00:00
PuffDaddy_Lounge_420_Bash,Wroxham Road 127b_2191_Sandton_Gauteng_South Africa,2024-04-20,08:00:00
Shibari_Rope_Jam_|_Weekend_Beginner_Taster,Voortrekker Road 100_Salt River_7925_Cape Town_Western Cape_South Africa,2024-04-20,14:00:00
The_Wild_Fig_Wine_Festival,Liesbeek Avenue _Observatory_7925_Cape Town_Western Cape_South Africa,2024-04-20,12:00:00
Cheers021_x_Infusion_420_Canna-Olympics,Vrede Street _7551_Cape Town_Western Cape_South Africa,2024-04-20,12:00:00
Cheers021_420_FIFA_Tournament,Raglan Street 8_Boston_7530_Cape Town_Western Cape_South Africa,2024-04-20,12:00:00
Doorways_to_an_Integrative_and_Intuitive_Healing_Level_2_Training,Willow Road 19_Belle Constantia_7806_Cape Town_Western Cape_South Africa,2024-04-19,14:00:00
Living_Fully_Alive,Lagoon Beach Drive 1_Lagoon Beach_7405_Cape Town_Wes-Kaap_South Africa,2024-04-20,07:00:00
Cheers021_PuffnPaint_420_Edition_20_April,Main Road 148_Sea Point_8005_Cape Town_Western Cape_South Africa,2024-04-20,12:00:00
Limitless_2024,17 Philips Ave_Discovery_1709_Roodepoort_Gauteng_South Africa,2024-04-19,17:00:00
Rooftop_Basketball_Court_Experience_(20th_April)_,Juta Street 73_2017_Johannesburg_Gauteng_South Africa,2024-04-20,09:00:00
Elements_of_Movement_10_Year_Anniversary_Show,Roodepoort Civic Theatre,2024-04-20,15:00:00
Meerendal_Full_Moon_Hike,Vissershok Road _Durbanville_7550_Cape Town_Western Cape_South Africa,2024-04-20,16:30:00
"Spontaneous_Encounters_""Vaal""",Gospel Fire Family Church,2024-04-20,13:00:00
Sundowner_Concert_2024,11 Sans Souci Road _2193_Johannesburg_Gauteng_South Africa,2024-04-20,15:00:00
Heatseekers_Con_2024,Stanley Avenue 44_2092_Johannesburg_Gauteng_South Africa,2024-04-20,09:00:00
Ann_Jangle_&_Nish_Pillay_Live_at_The_Sound_Garden,Kommetjie Road _Kommetjie_7975_Cape Town_Western Cape_South Africa,2024-04-20,16:00:00
The_City_Beach_Club_|_Play_Braam_(20th_April)_,Juta Street 68_2017_Johannesburg_Gauteng_South Africa,2024-04-20,09:00:00
Coolungile_Free_Concert,Welbevind Way 1_7806_Cape Town_Western Cape_South Africa,2024-04-20,16:00:00
Collegium_Musicum_High_Schools,Fiskaal Street 30_1619_Kempton Park_Gauteng_South Africa,2024-04-20,16:30:00
Night_at_the_Movies,El Shaddai Christian School_6 Langeberg Road_Durbanville_Cape Town_7551_Cape Town_Western Cape_South Africa,2024-04-20,16:30:00
#XLR8LIVE:_ONE_YEAR_CELEBRATIONS,Tennyson Street 70_5201_East London_Eastern Cape_South Africa,2024-04-20,16:00:00
Fish_Hoek_High_School_Variety_Concert,13th Avenue _7974_Cape Town_Western Cape_South Africa,2024-04-18,16:00:00
SOUTH_AFRICAN_FASHION_WEEK_SPRING/SUMMER_2024,Magwa Crescent _1685_Midrand_Gauteng_South Africa,2024-04-18,16:30:00
Cape_Town_Wine_Club_:_Red_Blends_Masterclass,Deer Park Drive 2_Vredehoek_8001_Cape Town_Western Cape_South Africa,2024-04-20,15:30:00
A_High_Note_-_Elevated_Long_Table,Far East Bank_Sandton_2014_2014_Sandton_Gauteng_South Africa,2024-04-20,10:00:00
Paulo_y_Mana_-_Brazilian_Style_@_St_Francis_Brewery,Saint Francis Drive 171_6312_Saint Francis Bay_Eastern Cape_South Africa,2024-04-20,17:00:00
GETiKT_&_UMTSHOTSHO_Cape_Town_RoofTop_Party,No. 6_Silo_Silo Square_Victoria & Alfred Waterfront_Cape Town_8001_Victoria & Alfred Waterfront_8001_Cape Town_Western Cape_South Africa,2024-04-20,13:00:00
Coming_of_Age,Mendi Road 135_New Brighton_6200_Gqeberha_Eastern Cape_South Africa,2024-04-20,16:00:00
Bon_Jovi_Tribute_by_Mark_Haze_&_Band_|_Kapstadt_Brauhaus_Steenberg,Reddam Avenue _Westlake_7945_Cape Town_Western Cape_South Africa,2024-04-20,18:00:00
Rewind,4th St & 8th Ave_Edenvale_1609_Enter parking in 3rd Street_1609_Edenvale_Gauteng_South Africa,2024-04-05,17:30:00
Alles_Tot_Nou_-_The_Pink_Room_at_Gorgeous_George,118 St Georges Mall_Cape Town City Centre_Cape Town_8000 _Western Cape,2024-04-20,17:30:00
Yoav_&_Jabulile_Majola,Chapmans Peak Dr _Noordhoek_7979_Cape Town_Western Cape_South Africa,2024-04-20,16:00:00
RHU_Choir_Fundraising_Trivia_Night_20_April_2024,Preston Drive 21_4319_Umhlanga_KwaZulu-Natal_South Africa,2024-04-20,16:30:00
Sky-Dine_Incanto,100 Voortrekker Road _Salt River_7925_Cape Town_Western Cape_South Africa,2024-04-20,17:00:00
Dirk_Van_Der_Westhuizen_show_Klerksdorp,Bishop Street 1_2571_Klerksdorp_North West_South Africa,2024-04-20,12:00:00
Unhorsed_and_Unscripted_-_A_Fantasy_Medieval_Improvised_Show,Hout Street 80_Cape Town City Centre_8000_Cape Town_Western Cape_South Africa,2024-04-20,18:00:00
Bake_N_Bask,Commissioner Street 281_2043_Johannesburg_Gauteng_South Africa,2024-04-20,11:00:00
Haunted_Train_Ghost_Dinner_-_HEIDELBERG_-_20_April_2024_-_R_599_PER_PERSON_(6pm_-_10pm),Corner of Voortrekker &_Peperboom St_Heidelberg - GP_1441_1441_Heidelberg - GP_Gauteng_South Africa,2024-04-20,16:00:00
"Siya_Seya_LIVE_in_Menlyn,_Pretoria_at_The_Protea_Hotel_Fire_&_Ice!_20_April_2024",N1_213 Thys Street_Summit Place Precinct (Corner of North & Garsfontein Offramp) N1_Pretoria_0063_Pretoria_Gauteng_South Africa,2024-04-20,18:00:00
"True_Origin_feat._Amy_Jones_and_Chad_Saaiman_LIVE_@_Roxy_Revue_Bar,_GrandWest",Jakes Gerwel Drive 1_Ruyterwacht_7460_Cape Town_Western Cape_South Africa,2024-04-20,15:00:00
Mike_McGully_&_The_Harmonix_60s_&_70s_Show,"Sandbaai Saal, Hermanus",2024-04-20,17:00:00
Aluta_Open_Nights_,Observatory Road 1_Observatory_7925_Cape Town_Western Cape_South Africa,2024-04-20,18:00:00
Beijing_Opera_Presents:_Bao_&_Beats,6th Street 30_2196_Johannesburg_Gauteng_South Africa,2024-04-20,10:00:00
420_Games_Day_-_Celebrate_420_at_Bud_Restaurant_@_Alphagram_20_April_2024,Aquairus Apartments_1st Floor_Blaauwberg Road 10_Table View_7439_Cape Town_Western Cape_South Africa,2024-04-20,07:00:00
80's_Tribute_show_and_Trivia,Roos Street 8_7201_Onrus_Western Cape_South Africa,2024-04-20,16:00:00
Cape_Town_Ceilidh_Club_April_Ceilidh,Main Road 231_Claremont_7708_Cape Town_Western Cape_South Africa,2024-04-20,16:30:00
CHEFS_VERSUS_-_5TH_EDITION,Port Bell Road Plot 79_Portbell Road_Bugolobi/P.O. Box 11255_Kampala_Central Region_Uganda,2024-04-20,09:00:00
CTAFF2024_-_Shaped_by_Water,Orange Street 68_Gardens_8000_Cape Town_Western Cape_South Africa,2024-04-20,18:30:00
Karen_Zoid_&_Henry_Steel,Overberg DC_6940_6940_Overberg DC_Western Cape_South Africa,2024-04-20,18:00:00
Klitsgras_Drumming_Circle_20th_April,Plot 62 Garsfontein Road (Cnr Garsfontein_Lerebisi & Tierpoort.)_Across Q4 & Shopping complex._0056_Tierpoort_Gauteng_South Africa,2024-04-20,14:00:00
Cannakraft_Pop-Up_Experiences_x_Weed_with_Words_-_Global_4/20_party,Victoria Road 170_Woodstock_7915_Cape Town_Western Cape_South Africa,2024-04-20,15:00:00
Weed_&_Words,Victoria Road 170_Woodstock_7915_Cape Town_Western Cape_South Africa,2024-04-20,16:00:00
"Sokkie_Party_by_Daisy_Jones_Bar,_Stellenbosch",r44 klapmuts rd_Stellenbosch_7613_7613_Stellenbosch_Western Cape_South Africa,2024-04-20,15:00:00
420_EVENING_at_The_3_Monkeys,1 Botha Road_Hilltop Centre_Bothas Hill_3660_Outer West Durban_KwaZulu-Natal_South Africa,2024-04-20,15:30:00
Dee_Mayekane,Buitengracht Street 35_Cape Town City Centre_8000_Cape Town_Western Cape_South Africa,2024-04-20,19:00:00
Splash_ze_Kush,Belgrave Street 46_2191_Sandton_Gauteng_South Africa,2024-04-20,10:00:00
"THE_GOVT.,_Hugo_Veldsman,_Werner_Bekker_-_LIVE_at_Aandklas_Stellenbosch",Bird Street 43_7600_Stellenbosch_Western Cape_South Africa,2024-04-20,16:00:00
Burn_Out_Bizarre,Wembley Road 15_Gardens_8001_Cape Town_Western Cape_South Africa,2024-04-20,13:00:00
Juan_Boucher_@Padstal,The Highway Street 265_0184_Pretoria_Gauteng_South Africa,2024-04-20,19:00:00
"Dinner_and_Dance_-_Fundraiser_for_Climb4Cancer_Awareness,_Mental_Wellness_and_Skills_Village",390 Regina Road_Northdale_3201_Pietermaritzburg_KwaZulu-Natal_South Africa,2024-04-20,16:00:00
Sunblaze_Sessions_Presents_Get_Lifted,Albertina Sisulu Road 1403_2139_Johannesburg_Gauteng_South Africa,2024-04-20,11:00:00
CROOZE,82 5th Avenue Linden_2195_Johannesburg_Gauteng_South Africa,2024-04-20,17:00:00
Project_X,Wall Street 32_Portland_7785_Cape Town_Western Cape_South Africa,2024-04-20,16:00:00
Glamour_Turns_1,Shortmarket Street 88_Cape Town City Centre_8000_Cape Town_Western Cape_South Africa,2024-04-20,19:00:00
Botriver_goes_WILD,R43 _7185_Bot River_Western Cape_South Africa,2024-04-20,14:30:00
EDEN_-_20.04.2024,West Street 16_2198_Johannesburg_Gauteng_South Africa,2024-04-20,14:00:00
Tribal_Exchange_Presents:_Skinniez_&_Friends,Surfers Corner_Beach Road_Muizenberg_Muizenberg_7950_Cape Town_Western Cape_South Africa,2024-04-20,17:00:00
Ravers_n_Lasers_2.0,Tungsten Road 3_2169_Randburg_Gauteng_South Africa,2024-04-20,16:00:00
URBN_Takeover__Tao_Nightclub,Long Street 251_Cape Town City Centre_8000_Cape Town_Western Cape_South Africa,2024-04-20,18:00:00
THE_TORTURED_SWIFTIE,Queen Victoria Street 54_Gardens_8001_Cape Town_Western Cape_South Africa,2024-04-20,18:00:00
Lana_Del_Rey_Appreciation_Night,Long Street 273_Cape Town City Centre_8000_Cape Town_Western Cape_South Africa,2024-04-20,19:00:00
Groove_Up_North,Viben Avenue 12_Brackenfell Industrial_7560_Cape Town_Western Cape_South Africa,2024-04-20,18:00:00
Awakened,Shamrock Road 489_1619_Kempton Park_Gauteng_South Africa,2024-04-20,17:00:00
HOUSE_PARTY_|_420_edition,Buitenkant Street 23A_District Six_7925_Cape Town_Western Cape_South Africa,2024-04-20,18:00:00
Unwanted_Plants,78a Avenue_4th Ave_Melville_2109_Johannesburg_Gauteng_South Africa,2024-04-20,13:00:00
Minimal_Mayhem_420_Special,Orphan Street 11_Cape Town City Centre_8000_Cape Town_Western Cape_South Africa,2024-04-20,18:00:00
Sky_High_Session_by_Layla_Blunt,Summit Skybar ( ROOFTOP ),2024-04-20,13:00:00
Trenchtown_420_Music_Fest,Lower Main Road 143_Observatory_7925_Cape Town_Western Cape_South Africa,2024-04-20,12:00:00
Shell-Shock,Tungsten Road 304_2169_Johannesburg_Gauteng_South Africa,2024-04-20,15:00:00
[INT]ERRUPT_JHB,Content Engine,2024-04-20,18:00:00
"Hologram_Ft_Jaide,_Rain,_Mobid_Void",Albertus Street 9_District Six_7925_Cape Town_Western Cape_South Africa,2024-04-20,18:00:00
TECHNOTRONYX.,Harrington Street 61c_District Six_7925_Cape Town_Western Cape_South Africa,2024-04-20,19:00:00
MY_TRIBE_Girls_weekend_2024,Scarborough beach house,2024-04-19,13:00:00
Gardening_For_Wildlife,Galena Avenue_Kloofendal_Roodepoort_Gauteng_South Africa,2024-04-21,07:00:00
Candle_Making_Workshop_-_Fernkloof,Hermanus_7200_7200_Hermanus_Western Cape_South Africa,2024-04-21,07:00:00
Blythedale_Hike_&_Social,Blythedale Coastal Estate_KwaDukuza_4453_4453_KwaDukuza_KwaZulu-Natal_South Africa,2024-04-21,05:30:00
Courageous_Men's_Camp__19-21_April_2024,48J5+CG Wigwam_South Africa_2999_Wigwam_North West_South Africa,2024-04-19,15:00:00
ATK_F1_Breakfast_Watch_Party,Main Road 91_Claremont_7708_Cape Town_Western Cape_South Africa,2024-04-21,06:30:00
"Music_for_Cello,_Flute_and_Piano",1 Church Road _Hillcrest_3624_Outer West Durban_KwaZulu-Natal_South Africa,2024-04-21,09:30:00
How_to_make_a_living_room_partition,146 North Rand Road _1459_Boksburg_Gauteng_South Africa,2024-04-21,08:00:00
Somerset-West_Make-Up_Workshop_(21_April_2024),Prospect Avenue _Bene_7130_Cape Town_Western Cape_South Africa,2024-04-21,08:00:00
SOUNDBATH_WITH_TUBATSI_MOLOI,De Beer Street 5_2017_Johannesburg_Gauteng_South Africa,2024-04-21,08:00:00
Mega_Book_Sale_@_Holy_Family_College,Oxford Road 40_2193_Johannesburg_Gauteng_South Africa,2024-04-20,06:00:00
How_to_install_a_laminate_flooring,146 North Rand Road _1459_Boksburg_Gauteng_South Africa,2024-04-21,08:00:00
Tannie_Evita_Praat_Kaktus_-_21_April_2024,Arcadia Street 8_7345_Darling_Western Cape_South Africa,2024-04-21,10:00:00
Spider_&_Scorpion_First_Aid_Workshop,Veronica / Galena Street _1709_Roodepoort_Gauteng_South Africa,2024-04-21,09:00:00
Incorruptible_Young_Adult_Camp,47RR+78 Wigwam_South Africa_2999_Wigwam_North West_South Africa,2024-04-19,06:00:00
Sunday_morning_bike_ride,2 De Beer _2017_Johannesburg_Gauteng_South Africa,2024-04-21,08:30:00
21st_5KM_Wine_Tasting_Fun_Run_Event,5J62+HF Bellville_Cape Town_South Africa_M13 Tygerberg Valley Road_Durbanville_7550_Cape Town_Western Cape_South Africa,2024-04-21,08:00:00
Health_Expo_&_Medical_Clinic,Henry Fynn Road _3610_Pinetown_KwaZulu-Natal_South Africa,2024-04-21,08:00:00
THINGS_OF_BEAUTY,Vredenburg Road _Stellenbosch_Western Cape_South Africa,2024-04-21,07:00:00
Weekend_of_crafts_-_Greyton_and_Hermanus,Hermanus_7200_7200_Hermanus_Western Cape_South Africa,2024-04-20,07:00:00
Tie-Dye_t-shirt_Workshop_-_Fernkloof,Hermanus_7200_7200_Hermanus_Western Cape_South Africa,2024-04-21,09:00:00
Barefoot_Leather_Shoe_Workshop_-_Fernkloof,Hermanus_7200_7200_Hermanus_Western Cape_South Africa,2024-04-21,09:00:00
"OPEN_MIC_STORYTELLING_AFTERNOON_FOR_WOMEN:_An_in-person_event,_hosted_by_Louise_Diesel_&_visiting_Shaine_Duys,_Open_Mic_Storytelling_Facilitator",Houghton Drive 51_2198_Johannesburg_Gauteng_South Africa,2024-04-21,11:00:00
Goudmyn_Toer,Galena Avenue_Kloofendal_Roodepoort_Gauteng_South Africa,2024-04-21,12:00:00
RMC_DBN_Brunch," Mitera_Shop 2_Lighthouse Mall_Lighthouse Rd,_4320_Umhlanga_Gauteng_South Africa",2024-04-20,10:00:00
Joseph_Clark:_Under_the_Covers_(Live_@_Die_Centurion_Teater),Amkor Road 123_Lyttelton Manor_0157_Centurion_Gauteng_South Africa,2024-04-21,13:00:00
